{"cameraMode":{"drawMode":0,"name":"Shaded","section":"Shading Mode"},"sceneLighting":false,"audioPlay":false,"sceneViewState":{"m_AlwaysRefresh":false,"showFog":true,"showSkybox":false,"showFlares":true,"showImageEffects":true,"showParticleSystems":true,"showVisualEffectGraphs":true,"m_FxEnabled":true},"in2DMode":false,"pivot":{"x":957.1026611328125,"y":282.9645080566406,"z":12.8519287109375},"rotation":{"x":0.02518261782824993,"y":0.020089492201805116,"z":0.0005062202690169215,"w":-0.9994811415672302},"size":446.5502624511719,"orthographic":false}