{"cameraMode":{"drawMode":0,"name":"Shaded","section":"Shading Mode"},"sceneLighting":false,"audioPlay":false,"sceneViewState":{"showFog":true,"showMaterialUpdate":false,"showSkybox":true,"showFlares":true,"showImageEffects":true,"showParticleSystems":true},"in2DMode":false,"pivot":{"x":237.888427734375,"y":157.21896362304688,"z":14.536026000976563},"rotation":{"x":-0.12979629635810853,"y":0.8480488061904907,"z":-0.24322664737701417,"w":-0.4525560140609741},"size":233.34524536132813,"orthographic":false}