{"cameraMode":{"drawMode":0,"name":"Shaded","section":"Shading Mode"},"sceneLighting":true,"audioPlay":false,"sceneViewState":{"showFog":true,"showMaterialUpdate":true,"showSkybox":true,"showFlares":true,"showImageEffects":true,"showParticleSystems":true},"in2DMode":false,"pivot":{"x":-279.59002685546877,"y":272.7606201171875,"z":-40.1697998046875},"rotation":{"x":-0.0013942630030214787,"y":0.9984695911407471,"z":-0.04646240919828415,"w":-0.029963072389364244},"size":1578.8116455078125,"orthographic":false}